{"cameraMode":{"drawMode":0,"name":"Shaded","section":"Shading Mode"},"sceneLighting":true,"audioPlay":false,"sceneViewState":{"showFog":true,"showMaterialUpdate":false,"showSkybox":true,"showFlares":true,"showImageEffects":true,"showParticleSystems":true},"in2DMode":false,"pivot":{"x":-2.854219675064087,"y":2.162137508392334,"z":-0.11009454727172852},"rotation":{"x":-0.2724824547767639,"y":0.30276525020599368,"z":-0.09078103303909302,"w":-0.9087605476379395},"size":10.0,"orthographic":false}