{"cameraMode":{"drawMode":0,"name":"Shaded","section":"Shading Mode"},"sceneLighting":true,"audioPlay":false,"sceneViewState":{"showFog":true,"showMaterialUpdate":false,"showSkybox":true,"showFlares":true,"showImageEffects":true,"showParticleSystems":true},"in2DMode":false,"pivot":{"x":-0.41698119044303896,"y":-0.28662750124931338,"z":-9.7291259765625},"rotation":{"x":-0.015158705413341523,"y":0.9835731983184815,"z":-0.09949085116386414,"w":-0.14985889196395875},"size":10.0,"orthographic":false}