{"cameraMode":{"drawMode":0,"name":"Shaded","section":"Shading Mode"},"sceneLighting":true,"audioPlay":false,"sceneViewState":{"showFog":true,"showMaterialUpdate":false,"showSkybox":true,"showFlares":true,"showImageEffects":true,"showParticleSystems":true},"in2DMode":false,"pivot":{"x":-1.899391531944275,"y":1.2881289720535279,"z":-3.9836244583129885},"rotation":{"x":-0.05798781290650368,"y":0.8660103678703308,"z":-0.10337720066308975,"w":-0.4857746660709381},"size":9.699999809265137,"orthographic":false}