{"cameraMode":{"drawMode":0,"name":"Shaded","section":"Shading Mode"},"sceneLighting":true,"audioPlay":false,"sceneViewState":{"showFog":true,"showMaterialUpdate":true,"showSkybox":true,"showFlares":true,"showImageEffects":true,"showParticleSystems":true},"in2DMode":false,"pivot":{"x":13.812440872192383,"y":18.84606170654297,"z":-52.04984664916992},"rotation":{"x":0.15440066158771516,"y":-0.4550755023956299,"z":0.0804624930024147,"w":0.8732678890228272},"size":1.3823888301849366,"orthographic":false}