{"cameraMode":{"drawMode":0,"name":"Shaded","section":"Shading Mode"},"sceneLighting":true,"audioPlay":false,"sceneViewState":{"showFog":true,"showMaterialUpdate":true,"showSkybox":true,"showFlares":true,"showImageEffects":true,"showParticleSystems":true},"in2DMode":false,"pivot":{"x":-1.148883581161499,"y":-3.2354447841644289,"z":19.40276336669922},"rotation":{"x":-0.12972144782543183,"y":0.011141269467771054,"z":-0.001469891401939094,"w":-0.9915205836296082},"size":22.0,"orthographic":false}