{"cameraMode":{"drawMode":0,"name":"Shaded","section":"Shading Mode"},"sceneLighting":false,"audioPlay":false,"sceneViewState":{"showFog":true,"showMaterialUpdate":true,"showSkybox":false,"showFlares":true,"showImageEffects":true,"showParticleSystems":true},"in2DMode":false,"pivot":{"x":0.7991663813591003,"y":3.2144131660461427,"z":1.0985054969787598},"rotation":{"x":0.07672690600156784,"y":-0.9225606918334961,"z":0.24790892004966737,"w":0.2857432961463928},"size":1.3823888301849366,"orthographic":false}