{"cameraMode":{"drawMode":0,"name":"Shaded","section":"Shading Mode"},"sceneLighting":false,"audioPlay":false,"sceneViewState":{"showFog":true,"showMaterialUpdate":true,"showSkybox":false,"showFlares":true,"showImageEffects":true,"showParticleSystems":true},"in2DMode":false,"pivot":{"x":1.0327224731445313,"y":0.44959068298339846,"z":-63.804840087890628},"rotation":{"x":-0.16448000073432923,"y":-0.24411925673484803,"z":0.04204244539141655,"w":-0.9547820091247559},"size":295.9205627441406,"orthographic":false}