{"cameraMode":{"drawMode":0,"name":"Shaded","section":"Shading Mode"},"sceneLighting":true,"audioPlay":false,"sceneViewState":{"showFog":true,"showMaterialUpdate":true,"showSkybox":true,"showFlares":true,"showImageEffects":true,"showParticleSystems":true},"in2DMode":false,"pivot":{"x":48.97332763671875,"y":5.6551384925842289,"z":-40.6607666015625},"rotation":{"x":-0.03203367814421654,"y":-0.8896293044090271,"z":0.0631837248802185,"w":-0.45122039318084719},"size":52.907188415527347,"orthographic":false}