{"cameraMode":{"drawMode":0,"name":"Shaded","section":"Shading Mode"},"sceneLighting":false,"audioPlay":false,"sceneViewState":{"showFog":true,"showMaterialUpdate":true,"showSkybox":false,"showFlares":true,"showImageEffects":true,"showParticleSystems":true},"in2DMode":false,"pivot":{"x":-2.3386449813842775,"y":2.2001965045928957,"z":5.466856002807617},"rotation":{"x":-0.19013400375843049,"y":0.574205219745636,"z":-0.13923557102680207,"w":-0.7840822339057922},"size":5.226515293121338,"orthographic":false}