{"cameraMode":{"drawMode":0,"name":"Shaded","section":"Shading Mode"},"sceneLighting":true,"audioPlay":false,"sceneViewState":{"showFog":true,"showMaterialUpdate":true,"showSkybox":true,"showFlares":true,"showImageEffects":true,"showParticleSystems":true},"in2DMode":false,"pivot":{"x":-4.259969711303711,"y":11.285931587219239,"z":-31.253761291503908},"rotation":{"x":-0.11186675727367401,"y":0.1979585438966751,"z":-0.022724902257323266,"w":-0.973572850227356},"size":48.91167449951172,"orthographic":false}