{"cameraMode":{"drawMode":0,"name":"Shaded","section":"Shading Mode"},"sceneLighting":false,"audioPlay":false,"sceneViewState":{"showFog":true,"showMaterialUpdate":false,"showSkybox":false,"showFlares":true,"showImageEffects":true,"showParticleSystems":true},"in2DMode":false,"pivot":{"x":0.7172365188598633,"y":11.624740600585938,"z":3.4593896865844728},"rotation":{"x":0.004967889282852411,"y":0.9902570843696594,"z":-0.13481464982032777,"w":0.036517396569252017},"size":51.06373596191406,"orthographic":false}