{"cameraMode":{"drawMode":0,"name":"Shaded","section":"Shading Mode"},"sceneLighting":false,"audioPlay":false,"sceneViewState":{"showFog":true,"showMaterialUpdate":true,"showSkybox":false,"showFlares":true,"showImageEffects":true,"showParticleSystems":true},"in2DMode":false,"pivot":{"x":10.572690963745118,"y":1.2000000476837159,"z":0.3313556909561157},"rotation":{"x":-0.11501403152942658,"y":-0.27541065216064455,"z":0.033209312707185748,"w":-0.953845202922821},"size":8.573662757873536,"orthographic":false}