{"cameraMode":{"drawMode":0,"name":"Shaded","section":"Shading Mode"},"sceneLighting":false,"audioPlay":false,"sceneViewState":{"showFog":true,"showMaterialUpdate":true,"showSkybox":false,"showFlares":true,"showImageEffects":true,"showParticleSystems":true},"in2DMode":false,"pivot":{"x":11.385018348693848,"y":-0.3759912848472595,"z":-0.322537362575531},"rotation":{"x":0.011759893968701363,"y":0.6969279050827026,"z":0.011574480682611466,"w":-0.7170323729515076},"size":0.00005715767838410102,"orthographic":false}