{"cameraMode":{"drawMode":0,"name":"Shaded","section":"Shading Mode"},"sceneLighting":true,"audioPlay":false,"sceneViewState":{"showFog":true,"showMaterialUpdate":true,"showSkybox":true,"showFlares":true,"showImageEffects":true,"showParticleSystems":true},"in2DMode":false,"pivot":{"x":-23.309226989746095,"y":15.966521263122559,"z":-8.668102264404297},"rotation":{"x":-0.1630290299654007,"y":0.7372949123382568,"z":-0.1917218118906021,"w":-0.6269673705101013},"size":0.22863072156906129,"orthographic":false}