{"cameraMode":{"drawMode":0,"name":"Shaded","section":"Shading Mode"},"sceneLighting":false,"audioPlay":false,"sceneViewState":{"showFog":true,"showMaterialUpdate":true,"showSkybox":false,"showFlares":true,"showImageEffects":true,"showParticleSystems":true},"in2DMode":false,"pivot":{"x":0.19999998807907105,"y":0.1499999761581421,"z":-4.340000152587891},"rotation":{"x":0.05548136308789253,"y":0.9406647682189941,"z":-0.27613821625709536,"w":0.1896412968635559},"size":5.472431182861328,"orthographic":false}