{"cameraMode":{"drawMode":0,"name":"Shaded","section":"Shading Mode"},"sceneLighting":false,"audioPlay":false,"sceneViewState":{"showFog":true,"showMaterialUpdate":true,"showSkybox":false,"showFlares":true,"showImageEffects":true,"showParticleSystems":true},"in2DMode":false,"pivot":{"x":1.1015865802764893,"y":6.702556610107422,"z":-7.3853840827941898},"rotation":{"x":0.026999250054359437,"y":0.003046724945306778,"z":-0.000048940728447632864,"w":0.9996995329856873},"size":1.914322018623352,"orthographic":false}