{"cameraMode":{"drawMode":0,"name":"Shaded","section":"Shading Mode"},"sceneLighting":false,"audioPlay":false,"sceneViewState":{"showFog":true,"showMaterialUpdate":false,"showSkybox":false,"showFlares":true,"showImageEffects":true,"showParticleSystems":true},"in2DMode":false,"pivot":{"x":-0.4160526692867279,"y":4.720898628234863,"z":31.791271209716798},"rotation":{"x":-0.01351944450289011,"y":0.017165685072541238,"z":0.0007904391968622804,"w":-1.000234842300415},"size":3.6408050060272219,"orthographic":false}