{"cameraMode":{"drawMode":0,"name":"Shaded","section":"Shading Mode"},"sceneLighting":true,"audioPlay":false,"sceneViewState":{"showFog":true,"showMaterialUpdate":true,"showSkybox":true,"showFlares":true,"showImageEffects":true,"showParticleSystems":true},"in2DMode":false,"pivot":{"x":6.897002220153809,"y":-6.825260162353516,"z":5.640225410461426},"rotation":{"x":0.3880747854709625,"y":-0.28028440475463869,"z":0.1251673847436905,"w":0.8690067529678345},"size":25.059267044067384,"orthographic":false}