{"cameraMode":{"drawMode":0,"name":"Shaded","section":"Shading Mode"},"sceneLighting":false,"audioPlay":false,"sceneViewState":{"showFog":true,"showMaterialUpdate":true,"showSkybox":false,"showFlares":true,"showImageEffects":true,"showParticleSystems":true},"in2DMode":false,"pivot":{"x":-4.3401814764365556e-7,"y":0.000008559051821066532,"z":0.000004948818059347104},"rotation":{"x":0.011759893968701363,"y":0.6969279050827026,"z":0.011574480682611466,"w":-0.7170323729515076},"size":0.00005715767838410102,"orthographic":false}