{"cameraMode":{"drawMode":0,"name":"Shaded","section":"Shading Mode"},"sceneLighting":false,"audioPlay":false,"sceneViewState":{"showFog":true,"showMaterialUpdate":false,"showSkybox":false,"showFlares":true,"showImageEffects":true,"showParticleSystems":true},"in2DMode":false,"pivot":{"x":-0.896288275718689,"y":0.6374962329864502,"z":-0.769898533821106},"rotation":{"x":0.35374701023101809,"y":0.6305558085441589,"z":0.39196011424064639,"w":-0.5689883828163147},"size":0.8999428749084473,"orthographic":false}