{"cameraMode":{"drawMode":0,"name":"Shaded","section":"Shading Mode"},"sceneLighting":false,"audioPlay":false,"sceneViewState":{"showFog":true,"showMaterialUpdate":true,"showSkybox":false,"showFlares":true,"showImageEffects":true,"showParticleSystems":true},"in2DMode":false,"pivot":{"x":-3.8025121688842775,"y":2.059999942779541,"z":4.635541915893555},"rotation":{"x":0.23209792375564576,"y":-0.6997232437133789,"z":0.2605043053627014,"w":0.6234229207038879},"size":4.810535907745361,"orthographic":false}