{"cameraMode":{"drawMode":0,"name":"Shaded","section":"Shading Mode"},"sceneLighting":true,"audioPlay":false,"sceneViewState":{"showFog":true,"showMaterialUpdate":false,"showSkybox":true,"showFlares":true,"showImageEffects":true,"showParticleSystems":true},"in2DMode":false,"pivot":{"x":12.245430946350098,"y":1.3203599452972413,"z":-2.8614978790283205},"rotation":{"x":0.03816232085227966,"y":0.9605381488800049,"z":-0.16766257584095,"w":0.21863174438476563},"size":10.0,"orthographic":false}