{"cameraMode":{"drawMode":0,"name":"Shaded","section":"Shading Mode"},"sceneLighting":true,"audioPlay":false,"sceneViewState":{"showFog":true,"showMaterialUpdate":false,"showSkybox":true,"showFlares":true,"showImageEffects":true,"showParticleSystems":true},"in2DMode":false,"pivot":{"x":22.93498420715332,"y":19.912086486816408,"z":-15.147849082946778},"rotation":{"x":-0.23014910519123078,"y":0.2244366705417633,"z":-0.05464029684662819,"w":-0.9453443884849548},"size":10.0,"orthographic":false}