{"cameraMode":{"drawMode":0,"name":"Shaded","section":"Shading Mode"},"sceneLighting":true,"audioPlay":false,"sceneViewState":{"showFog":true,"showMaterialUpdate":false,"showSkybox":true,"showFlares":true,"showImageEffects":true,"showParticleSystems":true},"in2DMode":false,"pivot":{"x":0.1425316482782364,"y":3.003718852996826,"z":10.212061882019043},"rotation":{"x":-0.0073568131774663929,"y":0.9810216426849365,"z":-0.19000235199928285,"w":-0.037983447313308719},"size":5.090701580047607,"orthographic":false}